{
    "@context": "http://www.w3.org/ns/csvw",
    "dc:bibliographicCitation": "Laurent Sagart, Jacques, Guillaume, Yunfan Lai, and Johann-Mattis List (2018): Sino-Tibetan Database of Lexical Cognates. Jena, Max Planck Institute for the Science of Human History.",
    "dc:conformsTo": "http://cldf.clld.org/v1.0/terms.rdf#Wordlist",
    "dc:identifier": "http://dighl.github.io/sinotibetan/",
    "dc:license": "http://www.opensource.org/licenses/GPL-3.0",
    "dc:source": "sources.bib",
    "dc:title": "Sino-Tibetan Database of Lexical Cognates",
    "dcat:accessURL": "https://github.com/digling/sinotibetan-data",
    "rdf:ID": "sagartst",
    "rdf:type": "http://www.w3.org/ns/dcat#Distribution",
    "dialect": {
        "commentPrefix": null
    },
    "notes": [
        {
            "dc:title": "environment",
            "properties": {
                "glottolog_version": "pyglottolog-1.2.1-77-g24ddcfb",
                "concepticon_version": "pyconcepticon-1.4.0-81-g0e705c2"
            }
        }
    ],
    "tables": [
        {
            "dc:conformsTo": "http://cldf.clld.org/v1.0/terms.rdf#FormTable",
            "dc:extent": 12180,
            "tableSchema": {
                "columns": [
                    {
                        "datatype": "string",
                        "propertyUrl": "http://cldf.clld.org/v1.0/terms.rdf#id",
                        "required": true,
                        "name": "ID"
                    },
                    {
                        "datatype": "string",
                        "propertyUrl": "http://purl.org/dc/terms/identifier",
                        "name": "Local_ID"
                    },
                    {
                        "datatype": "string",
                        "propertyUrl": "http://cldf.clld.org/v1.0/terms.rdf#languageReference",
                        "name": "Language_ID"
                    },
                    {
                        "datatype": "string",
                        "propertyUrl": "http://cldf.clld.org/v1.0/terms.rdf#parameterReference",
                        "name": "Parameter_ID",
                        "titles": "Concept_ID"
                    },
                    {
                        "datatype": "string",
                        "propertyUrl": "http://linguistics-ontology.org/gold/2010/FormUnit",
                        "required": true,
                        "name": "Value"
                    },
                    {
                        "datatype": "string",
                        "propertyUrl": "http://cldf.clld.org/v1.0/terms.rdf#form",
                        "required": true,
                        "name": "Form"
                    },
                    {
                        "datatype": "string",
                        "propertyUrl": "http://cldf.clld.org/v1.0/terms.rdf#segments",
                        "separator": " ",
                        "name": "Segments"
                    },
                    {
                        "datatype": "string",
                        "propertyUrl": "http://cldf.clld.org/v1.0/terms.rdf#comment",
                        "name": "Comment"
                    },
                    {
                        "datatype": "string",
                        "propertyUrl": "http://cldf.clld.org/v1.0/terms.rdf#source",
                        "separator": ";",
                        "name": "Source"
                    },
                    {
                        "datatype": "string",
                        "name": "Cognacy"
                    },
                    {
                        "datatype": "boolean",
                        "name": "Loan"
                    }
                ],
                "foreignKeys": [
                    {
                        "columnReference": [
                            "Language_ID"
                        ],
                        "reference": {
                            "resource": "languages.csv",
                            "columnReference": [
                                "ID"
                            ]
                        }
                    },
                    {
                        "columnReference": [
                            "Parameter_ID"
                        ],
                        "reference": {
                            "resource": "parameters.csv",
                            "columnReference": [
                                "ID"
                            ]
                        }
                    }
                ],
                "primaryKey": [
                    "ID"
                ]
            },
            "url": "forms.csv"
        },
        {
            "dc:conformsTo": "http://cldf.clld.org/v1.0/terms.rdf#LanguageTable",
            "dc:extent": 50,
            "tableSchema": {
                "columns": [
                    {
                        "datatype": "string",
                        "propertyUrl": "http://cldf.clld.org/v1.0/terms.rdf#id",
                        "name": "ID"
                    },
                    {
                        "datatype": "string",
                        "propertyUrl": "http://cldf.clld.org/v1.0/terms.rdf#name",
                        "name": "Name"
                    },
                    {
                        "datatype": "string",
                        "propertyUrl": "http://cldf.clld.org/v1.0/terms.rdf#glottocode",
                        "valueUrl": "http://glottolog.org/resource/languoid/id/{glottolog_id}",
                        "name": "Glottocode"
                    },
                    {
                        "datatype": "string",
                        "name": "Glottolog_Name"
                    },
                    {
                        "datatype": "string",
                        "propertyUrl": "http://cldf.clld.org/v1.0/terms.rdf#iso639P3code",
                        "name": "ISO639P3code"
                    },
                    {
                        "datatype": "string",
                        "propertyUrl": "http://cldf.clld.org/v1.0/terms.rdf#macroarea",
                        "name": "Macroarea"
                    },
                    {
                        "datatype": "string",
                        "name": "Family"
                    },
                    {
                        "datatype": "string",
                        "name": "Name_in_Text"
                    },
                    {
                        "datatype": "string",
                        "name": "Name_in_Source"
                    },
                    {
                        "datatype": "string",
                        "name": "Subgroup"
                    },
                    {
                        "datatype": "string",
                        "name": "Coverage"
                    },
                    {
                        "datatype": "string",
                        "name": "Longitude"
                    },
                    {
                        "datatype": "string",
                        "name": "Latitude"
                    },
                    {
                        "datatype": "string",
                        "name": "Source"
                    }
                ],
                "primaryKey": [
                    "ID"
                ]
            },
            "url": "languages.csv"
        },
        {
            "dc:conformsTo": "http://cldf.clld.org/v1.0/terms.rdf#ParameterTable",
            "dc:extent": 250,
            "tableSchema": {
                "columns": [
                    {
                        "datatype": "string",
                        "propertyUrl": "http://cldf.clld.org/v1.0/terms.rdf#id",
                        "name": "ID"
                    },
                    {
                        "datatype": "string",
                        "propertyUrl": "http://cldf.clld.org/v1.0/terms.rdf#name",
                        "name": "Name"
                    },
                    {
                        "datatype": "string",
                        "propertyUrl": "http://cldf.clld.org/v1.0/terms.rdf#concepticonReference",
                        "valueUrl": "http://concepticon.clld.org/parameters/{concepticon_id}",
                        "name": "Concepticon_ID"
                    },
                    {
                        "datatype": "string",
                        "name": "Concepticon_Gloss"
                    },
                    {
                        "datatype": "string",
                        "name": "TBL_ID"
                    },
                    {
                        "datatype": "string",
                        "name": "Coverage"
                    }
                ],
                "primaryKey": [
                    "ID"
                ]
            },
            "url": "parameters.csv"
        },
        {
            "dc:conformsTo": "http://cldf.clld.org/v1.0/terms.rdf#CognateTable",
            "dc:extent": 12180,
            "tableSchema": {
                "columns": [
                    {
                        "datatype": "string",
                        "propertyUrl": "http://cldf.clld.org/v1.0/terms.rdf#id",
                        "name": "ID"
                    },
                    {
                        "datatype": "string",
                        "propertyUrl": "http://cldf.clld.org/v1.0/terms.rdf#formReference",
                        "name": "Form_ID"
                    },
                    {
                        "datatype": "string",
                        "propertyUrl": "http://linguistics-ontology.org/gold/2010/FormUnit",
                        "name": "Form"
                    },
                    {
                        "datatype": "string",
                        "propertyUrl": "http://cldf.clld.org/v1.0/terms.rdf#cognatesetReference",
                        "name": "Cognateset_ID"
                    },
                    {
                        "datatype": "boolean",
                        "name": "Doubt"
                    },
                    {
                        "datatype": "string",
                        "default": "expert",
                        "name": "Cognate_Detection_Method"
                    },
                    {
                        "datatype": "string",
                        "propertyUrl": "http://cldf.clld.org/v1.0/terms.rdf#source",
                        "separator": ";",
                        "name": "Source"
                    },
                    {
                        "datatype": "string",
                        "propertyUrl": "http://cldf.clld.org/v1.0/terms.rdf#alignment",
                        "separator": " ",
                        "name": "Alignment"
                    },
                    {
                        "datatype": "string",
                        "name": "Alignment_Method"
                    },
                    {
                        "datatype": "string",
                        "name": "Alignment_Source"
                    }
                ],
                "foreignKeys": [
                    {
                        "columnReference": [
                            "Form_ID"
                        ],
                        "reference": {
                            "resource": "forms.csv",
                            "columnReference": [
                                "ID"
                            ]
                        }
                    }
                ],
                "primaryKey": [
                    "ID"
                ]
            },
            "url": "cognates.csv"
        }
    ]
}